,Y,X
0,3.5262896840340625,0.3465600879591313
1,11.530756427956828,3.8525619417226444
2,-14.769977864741634,2.4201272028256655
3,3.1696056436656335,3.03150786507893
4,29.57891897987202,3.492389782897249
5,-2.170824012290322,1.3341790082120621
6,90.51480980882012,9.435200029103115
7,17.161816269678678,1.3493360889847612
8,9.914557616294253,-5.635315498350673
9,1.0782649150922852,-0.539512864358068
10,-8.707827019563602,0.6868468926707365
11,23.08502052535793,0.10184032108734442
12,20.501111422731583,-1.4674042867260315
13,21.894316798095524,4.628415100720375
14,-6.278996102348277,2.760789021504895
15,9.125590612880448,0.3387039463661501
16,115.37499386069473,9.496708584335988
17,8.537769081559064,3.700579264240991
18,44.98547642903183,6.481465805270803
19,42.800504367596744,5.495943438813763
20,39.05313519208026,4.972170703711064
21,22.488004111743244,3.5352346091750944
22,52.78477775013806,7.793000522888615
23,4.996246430246692,-1.3142649621050353
24,-3.4262685986023467,2.902477141149477
25,31.039864667323773,-5.115011838578093
26,84.65710791843092,8.269821880521915
27,14.055818190374655,-2.373366855846263
28,12.579052380141219,2.8970433095532266
29,1.3907894382084773,3.457397434920921
30,78.8113401992725,-8.411680469549546
31,-3.5232068559928447,-0.22438709723123473
32,111.93530855950652,10.454557327920917
33,9.246466705252633,2.845086628923317
34,13.594406186618738,4.12237499527584
35,-0.7640538631542579,1.2008960513183493
36,48.4985760167299,6.156182392805916
37,2.998990025241437,1.7900309099128022
38,45.81398536518101,5.650122451343295
39,120.48161562109294,9.88789208224257
40,115.02929467456865,9.937421285665332
41,16.43627867285328,3.5848439589522734
42,55.679283302090084,7.203860039685543
43,10.237768066237685,1.0764332191853787
44,-1.109974318423883,1.1200393820557517
45,21.642163689351044,3.804987259201652
46,-1.81277455622845,-1.266442466907412
47,10.28125087572812,1.6458338448732726
48,0.925207332427183,2.5264006891508664
49,9.400053617991002,-5.203099453975355
50,-12.023489349550761,-1.3686030640938318
51,0.6020373350695594,0.22528359906195483
52,5.904264785926596,-4.319264402248466
53,18.211716245438325,-4.153946965692282
54,-5.81626463512745,0.5754245251159431
55,20.240400987254922,3.1364846923017877
56,140.27631914688234,12.098168476412335
57,37.91718806240817,4.604103382286276
58,-3.0695532549742968,1.433010578526106
59,-7.398527953719304,0.09622160040943717
60,12.587245714746022,3.2745055434451062
61,3.327554293995063,-0.9166901592688075
62,64.2032016973019,7.6603213866832345
63,-23.94825249568468,1.318578388471944
64,10.519845534065947,1.0664024721144543
65,13.090772264598254,4.023986830961522
66,-0.5318775778904934,-0.8669880741235643
67,18.00369521985111,-3.047611583587737
68,-1.6041242523048105,0.19582201579833125
69,30.553136295122354,1.9934607159549251
70,17.255725775351415,3.374551043376665
71,15.499164286330453,4.078225883814654
72,-12.414090599441227,-1.7090585725710454
73,-4.925492912142317,2.590607375321874
74,46.658996249108974,7.288383079898857
75,28.661972745413685,5.019002132363249
76,14.49321756641198,2.22734816334905
77,9.69127554441402,-0.06680935379926778
78,46.1113366423822,5.892473737563392
79,4.538901559829974,-0.6069601374082603
80,25.569428084566002,3.9003654446375955
81,73.53322698072088,8.717655050890865
82,35.46225088114804,5.179108799991402
83,19.81544914349173,0.8417896056351153
84,42.76369802232394,6.46415904567559
85,62.60615205551582,8.042605201876722
86,7.838653821913842,2.088979759024383
87,28.410582059851006,-7.244248298000986
88,2.02245074598901,2.7665047304442765
89,6.252674639652685,2.059570234918464
90,4.215802540938258,0.7066541771121284
91,70.31586935171686,9.33333019688018
92,22.861170640033006,3.907080381137402
93,14.032346329212634,1.4167355894377742
94,20.880255634354384,3.9595183737536375
95,83.45515041980003,8.948242020665376
96,10.306604919098678,3.6949771365004977
97,12.887700118286139,3.357074584829587
98,19.265598972585206,4.362253715268677
99,12.663501913776855,0.016975638061865972
100,40.06296049357893,5.261641900140935
101,26.058600423080755,3.579041378791596
102,95.91067169296116,9.375491908535441
103,85.02168451281506,9.302795671848305
104,22.46927005090009,3.639817916883102
105,15.378595475900713,2.2220363660035463
106,69.2021753583458,7.726370613107537
107,15.506765130984864,-1.9461640447171318
108,8.089060429760009,4.247646490019943
109,9.066055537267179,-1.4997338824004807
110,-4.038244506838861,-1.3881906390928158
111,28.78171882736352,3.798277719965955
112,47.65764738138903,6.535569016779981
113,79.62840469209776,8.194699263163816
114,84.9622058615226,8.555092650545603
115,1.3885015313171847,2.0799065672490817
116,15.317496935505641,2.396323051981502
117,74.4335994429923,8.109284090763342
118,56.1587415470321,7.436310312307259
119,118.78878090544752,11.451311525204842
120,45.35731391362147,7.804740009237674
121,21.172722984876707,2.563012109273733
122,51.36226138599604,7.218171201129757
123,24.278036632524262,-2.7043992799670287
124,20.139104540862117,4.162088617527949
125,44.67723525117204,-4.7151210693173375
126,-13.285550057973918,0.6710069091296447
127,53.543396702685854,6.010163822707195
128,38.24280212945396,5.611995553222016
129,118.5715616305661,10.399056158295451
130,114.9419424700306,10.437575630352498
131,98.20937132412536,9.426109995823442
132,33.361830509053476,4.4581191756914365
133,6.956812029455407,-0.5265191296173879
134,12.26891788564884,3.3507056971775007
135,30.836564925651658,4.785403857161439
136,24.494254501641596,5.272212025857466
137,4.581587748524082,2.5445645129476078
138,4.528400032333158,1.9351897163607903
139,-8.812933334768488,2.7315476618503696
140,84.24502682509616,9.06751770343703
141,34.116202592611614,4.725860452557839
142,100.07888865660598,10.398359753269375
143,3.931180312822537,1.3677846409716419
144,15.003751261573191,2.8387295846672256
145,128.42805402813227,11.16889301504815
146,222.40937924119285,14.342863376839526
147,-5.170236825821922,2.231544324155495
148,10.497357546594564,2.202574209682977
149,10.436292532338571,3.4420089970502814
150,56.42981830988566,6.231533780834787
151,29.809328562183442,4.70686517991957
152,28.943385308945416,4.168268308134514
153,6.069831642008986,1.5124964693221643
154,-1.68872339458364,-0.6756830092977624
155,149.92203438575604,12.75100162283435
156,13.232985074374355,-2.6409607150676067
157,54.29880264403034,7.151161807477393
158,20.521541692067075,4.288571187073484
159,-11.954142694242258,2.72767553713349
160,3.0167445055369084,2.1587713803653394
161,-9.042248983390662,1.7317277438159784
162,9.982912105859647,3.9317199969123076
163,23.816446109305723,4.483635920139233
164,12.078676102728068,-1.5256384389578788
165,65.72454839867602,7.1052871578618335
166,4.3490659775360125,3.4676054345060945
167,4.552623082412353,-1.6342000611887304
168,8.967944296885797,0.5589497077649779
169,20.812060023373405,3.90845258260734
170,28.961064032706506,6.187964503421934
171,54.25894810326015,6.806122890930527
172,89.25649918672335,9.815781857281447
173,87.974380680192,8.536599752971298
174,32.17239418279638,5.315134176529093
175,19.293085235990773,-2.2264348084740053
176,7.659843836573062,-1.640321451891496
177,38.41852892542832,6.266201593873748
178,47.81814021169225,6.374922106936829
179,9.95930176348676,0.3429053720529738
180,45.340196054487144,7.666411573361633
181,24.983874869118665,5.199949747828134
182,-0.4547252567148501,1.641461158246841
183,2.847321697896029,-2.3583191137865667
184,7.862421272143439,1.029792280835529
185,27.471506188261227,5.2036080848817825
186,40.523599941479574,4.939393006199451
187,24.918192395091886,3.702379948666244
188,5.66381213091729,1.225204451155914
189,2.333856905874196,-1.0452352539394871
190,23.427126713733045,3.464265881728078
191,-6.142396932850279,0.04899567467495025
192,2.2294358297615116,-0.9747058515786526
193,31.094288660592326,5.3551283585515215
194,48.42717940545365,6.243977549188262
195,25.58505679595519,4.737185695963355
196,-2.1542757670875297,-3.947824540490953
197,168.21521355195236,12.979587653674532
198,4.027467125987064,1.165610228441862
199,52.188609297792055,6.914422375515713
200,24.210341040305934,-2.1751229166314436
201,6.29167122197289,-1.4762226585814782
202,5.1910295113526965,2.86290712939371
203,6.853006243226463,-0.7780895806869075
204,6.208431554264899,-0.7167065977917946
205,1.8872580020195069,0.446027216729425
206,41.033829720950784,5.242376164408943
207,10.847230799634248,0.13926463984676696
208,120.4481781428412,10.022755167129798
209,22.73193674643305,0.29174760676957234
210,-0.2544017461716557,-2.6701787067417495
211,13.4414902855738,2.750344992971272
212,20.37097778005624,-3.4544931681042295
213,-3.935969665483912,-1.3950770016542453
214,16.466479303503405,5.236988571533845
215,70.72558292793946,6.999660086813098
216,6.306717552310305,1.4951761524399305
217,8.511951443021315,2.6679295583133116
218,15.962808270819503,3.7434848385497377
219,20.507958016233566,3.989256681691278
220,60.7947346488111,6.590037302555308
221,39.92717165230697,7.245839906167783
222,-2.637831744739222,-1.3046807394096502
223,23.94451701170624,-3.0748043173565325
224,50.30895956048516,8.228884480984565
225,-9.116982115580036,2.028684504727808
226,-1.969581965848957,-1.7119497126065184
227,109.64201404086475,10.461079646771466
228,17.871183465931505,0.5766389743342564
229,17.8421318150638,4.301315251149836
230,-10.604273104730854,-1.768797608140357
231,131.52608341823984,10.940881627184945
232,-5.683751248438307,1.4184237142180813
233,10.109902452469168,3.528635335550881
234,166.6417567054723,12.635241557405484
235,39.21806566500906,5.776795268812322
236,3.9425390844476116,3.272293234783533
237,22.430434293784486,3.30865107016288
238,0.8832180414646356,3.0823132777791566
239,12.946644950431127,1.2675150323640907
240,85.24135827770212,9.086409769276234
241,21.786923655904975,-3.5988129325045106
242,-6.465744546804206,0.3582695501941626
243,23.076599694201654,2.067986527848817
244,-4.926447067363078,3.5695465945826608
245,-11.450011833172319,0.4795011595502179
246,17.663964645721244,5.973434248509508
247,44.288081196845795,-6.9815923872355885
248,59.6955234764768,6.779974591695666
249,25.27580603084269,4.16552340892702
250,15.636517770891128,3.389005198885325
251,10.050879990467017,-0.5753969064197881
252,6.633234701126191,0.6445854766626864
253,1.150734518000963,-2.1415818108580327
254,12.477444261242093,1.4168022385613088
255,4.945004540785593,-0.49304122786281335
256,151.811176821241,12.12914909524505
257,9.038584098880358,0.1176577138220094
258,38.95082702902489,5.234020635483926
259,24.877877869172366,5.223939925198765
260,-7.4510283772923955,-1.530570372131745
261,17.169370058146573,2.267858239553487
262,8.129988005221728,3.7676677836953347
263,10.527353365132345,3.923540182490325
264,81.58641108809049,8.356016943350392
265,-4.494037337445098,-3.4351589565970686
266,87.43881318945856,9.069669228411417
267,-0.016473305420985795,2.8114216551624485
268,38.014380932800194,4.905535218903556
269,20.862581051957562,2.684009668084337
270,-12.282311979886233,1.55380497755257
271,95.91325848560503,9.632711922701969
272,-20.931951140859635,0.7377273034906002
273,10.776895357173805,2.595792926937866
274,2.0229921413321854,0.3006342215515816
275,-0.5320606873050027,0.919775553529464
276,21.464023802680703,4.2087082912272304
277,0.013117465507130888,0.6079919798207594
278,34.955035039924645,4.080191276098408
279,6.2582494969632805,1.9981407190568814
280,174.85718240939516,13.217900182151332
281,13.052428221081204,0.713815301386461
282,-24.1268315579797,0.6593183750056384
283,5.367816924332303,1.8690028851233393
284,41.903390027154565,-6.272018765784246
285,-3.7812418553541907,2.0334270410381707
286,50.22172829292498,6.92252531661515
287,52.45524349006212,6.338254264201517
288,51.942827532956535,5.742600232486021
289,7.657692128903027,2.750499577205847
290,125.48088723672356,10.965980697393984
291,38.58722022535655,5.311877462640911
292,42.10184602851929,6.820214242539422
293,18.061646661798402,-5.851704844975163
294,82.21977060039114,9.386276730878283
295,1.7878371229689662,2.811269250233419
296,5.563870714109078,2.068176493963739
297,128.129085494279,11.082132061836939
298,34.727744039587996,3.212983105810521
299,9.624383992553119,-2.3901681368007877
300,29.095656160868174,5.525605733194279
301,-6.141806433099646,1.8911116537881802
302,8.29614682466184,-0.7267147767802284
303,1.1394476446940258,-0.748131363144656
304,11.903593979487843,0.016864489908830382
305,-3.381026304288003,-2.281506817649749
306,1.147595295633224,1.4738194439442789
307,58.866099025975004,7.242928904830826
308,3.2180836520963396,4.022583719791198
309,5.0819467529493085,0.6309806117971117
310,64.51169802835261,8.814622022727658
311,13.99239086971535,-1.9847077042081986
312,33.91807146379147,5.871762013945451
313,36.96734067485324,5.003015063176771
314,27.95125847791412,-5.8331936536974816
315,10.258743732112496,1.6713402273080986
316,8.929746198949067,4.36854423884251
317,81.43150166941311,9.134972708878607
318,5.533510427925723,0.28303059743957704
319,57.64891737462478,7.778381176511799
320,85.7103059019307,9.26668286726953
321,23.852547838462286,4.501172060518509
322,20.565095453276623,0.4094427737899813
323,32.79429235559881,5.911926191724786
324,18.675396716870967,-2.207436468516608
325,-10.932910192754338,2.244843072031751
326,14.956492084233131,3.1540454349100147
327,-7.100399976497808,-1.8014226033868335
328,20.133018544403015,3.3595339035973404
329,37.855748277282714,5.952215732330489
330,1.459270420407878,-0.1462640947533056
331,44.62807088462262,6.699394134195441
332,17.48424066506408,2.808957695961616
333,25.33189657647182,1.8252626063955961
334,3.5952843940319266,0.30098540202807644
335,-4.103773309173149,-0.16620913923188274
336,108.56618767068358,9.504319721004983
337,28.491103998410757,4.55424379016876
338,141.99084722907932,10.806205708638588
339,5.296107998631394,0.6568620693923322
340,7.815833019611805,3.8526468136016696
341,12.80046509660157,0.3052940537735349
342,8.3627299811643,-1.8911402446811252
343,7.5787850607149325,3.178649134725797
344,-7.449470771977081,2.486724130586932
345,-13.815159504575945,-0.13722349309256465
346,128.51929067276384,10.750155365397305
347,27.042210301660027,-3.991614295692271
348,59.517193211536856,6.715598808222052
349,39.93587061830775,6.156935615444288
350,12.46354018595225,0.7853295867466215
351,126.94176306172706,10.756198300441167
352,19.33712249202989,3.7090524236623983
353,10.700705797038012,0.933578530260144
354,119.86354440270806,10.6654397223746
355,14.996818174158829,3.248912231724152
356,25.21140640289655,5.904793867928536
357,11.932166389318773,-1.1421483339624823
358,54.210855411171494,7.1711252357734026
359,46.60400448206169,6.0288364259418366
360,-9.443484174068253,0.14258299648192274
361,-5.5687936324563,1.617585081380297
362,5.147606101013144,-0.9562926815235233
363,67.50475177233682,-7.90758927646308
364,-22.317699035080185,-1.834474957530622
365,27.468395426076206,2.9453069855538536
366,106.24845167426034,9.788823916242235
367,14.935096762170279,3.047617732219811
368,68.70943420613932,7.601997946600732
369,17.183953442271594,4.986879579347659
370,66.91079125537229,7.694716445710673
371,32.205983173426425,6.399216910935872
372,63.668244071830586,6.663942959795138
373,14.653740614984752,0.2809542101488862
374,9.512670491873003,1.4711599982491155
375,54.529006926620845,6.95208067678745
376,1.137014144500105,1.003696992273001
377,21.77412094380378,-2.2705712922766503
378,107.36988160132634,10.539898961174401
379,-5.698474777441831,0.9180721560103935
380,-0.01670621774223857,-1.4070731210544256
381,10.682961697082415,-1.7418245552068319
382,38.28932284140872,3.874173567826231
383,25.093651191471075,3.9825602393214417
384,8.417340495009174,-1.3639292015218825
385,-10.69980318636064,-0.560730876724743
386,19.38164679551401,2.8770280542619293
387,21.91112817236772,4.489702594997303
388,23.45554444795541,4.5831725423296
389,75.88935113542699,8.83520811273194
390,33.59402091908046,5.287531812286723
391,20.62967578098526,-3.776324893791732
392,23.336154066823447,4.128433353896212
393,-1.638107683525463,-0.7161596209938885
394,1.2972927947056683,0.5106325552139745
395,2.6991205137086762,3.3342367361335112
396,57.66535733678329,6.663291845470529
397,30.298969003705256,4.549350883654839
398,25.741553434318362,4.2854086935873905
399,0.5365723539370659,-1.712229348456587
400,1.9973735002067374,1.0400598456197392
401,32.11343388974757,5.904813532282468
402,42.27421204650903,3.497953971919265
403,-14.643210657404333,-1.6897292146640517
404,3.28601191604956,-1.6807466014525012
405,2.5826283702669053,1.6806766323476934
406,52.0164066039282,6.1350154042232985
407,31.196317807623057,4.365933942350055
408,7.312880649021782,3.1462413110568956
409,86.44655133568901,8.689961772848772
410,23.782317719641426,3.7952840978335742
411,19.076190014218938,2.141033932314142
412,21.119349450386718,0.5881186244445717
413,5.344593406974902,-3.444489936572504
414,0.3705824584629034,1.0719774349864124
415,2.350628319885102,0.7920501795755497
416,1.5973678438647116,2.544516974805266
417,100.63834696576583,9.964830816990268
418,13.372940401863598,2.085987140819116
419,12.08453286003721,2.328101319296704
420,27.333174280805753,-2.8657010998867234
421,2.8219834191304316,1.0715813201026736
422,20.163730651447914,4.439999478414091
423,-1.8779942362763586,-0.9407299245202005
424,123.92061268114612,10.32385319082523
425,63.09012021256622,7.177614171601954
426,8.515847650046421,-2.1204837072314247
427,11.013125419584442,1.4795571706855923
428,11.889154711779497,0.9596853004563202
429,43.97980628944691,4.9678031536199665
430,21.3299453600291,5.7710377118440395
431,72.69871941414792,8.488536146493772
432,54.5916613814392,7.484755118801542
433,7.499260519408975,-1.3392163704284457
434,21.486112302176473,4.72017460564843
435,6.5749911421226965,-2.5120651617237213
436,10.819598667753183,4.9732637863118025
437,82.92086141651919,8.366166300711605
438,-6.8068683474470255,-2.6732190431413008
439,2.7579185486224773,0.9758247878570163
440,88.73268649817527,9.508804253556653
441,36.128202737729296,4.529789349332942
442,64.22795199490047,8.078760804207846
443,1.1729485234008443,3.307133569730581
444,66.47791860950994,7.857293415076521
445,-5.472428593356579,-2.0629181760577167
446,-9.17128141601578,0.2645518489839547
447,32.34045270665378,-3.8953702119062275
448,46.45572722689452,4.234066880232634
449,1.7214177120463123,1.8843571872571414
450,17.70257186027378,4.789725087057538
451,5.3528796336097075,0.43797274684233534
452,22.89844867595511,-0.7728415505130433
453,36.8986098570707,6.083503275206571
454,75.12700185308654,6.403286343991629
455,21.26032186693461,1.6910205894552377
456,-2.5609696805761715,0.5248292231763232
457,29.69107780163818,3.96937550306538
458,33.731455179130045,4.894296937909739
459,16.896605164929934,3.854982046964553
460,67.90043560079813,7.633676093829856
461,14.648516820380053,3.5777938648641054
462,-0.5190568661727069,1.2524110702475515
463,14.899377863377845,-0.23391748149597502
464,-3.907345242230596,1.4957227577146122
465,56.57773177760124,5.984289295512219
466,13.34239086031781,4.49204839188773
467,65.37507109870512,8.139813389457242
468,7.802385318272809,-0.11127566885459039
469,20.049155626672448,4.787935271255282
470,69.54502816523,8.262038483896642
471,42.901886228172444,5.668292535796218
472,-4.044913316335325,-3.2351518480374786
473,123.54094284940793,10.951231764207016
474,12.62836963777358,2.2049104648998474
475,92.03817339359557,9.54489313871898
476,3.513126486021118,2.256946449029639
477,82.58218144431332,9.584629211837033
478,4.397867596731714,1.873449000198782
479,37.96444276194071,4.601282896075754
480,-13.155667656384566,-0.1246981725182712
481,30.875727539537234,4.045273480858506
482,10.33110641453705,0.9717406885985165
483,71.43047022129952,8.634804331610432
484,0.6069039399006151,4.2722386671204555
485,37.02291501782328,6.7997973599209836
486,2.0209086008414148,-0.46151437095831493
487,21.778402904061053,2.833913382641929
488,4.788080609409905,-0.970197569443588
489,13.811222652986077,-0.4877969717294883
490,76.41688994587778,7.461108261741321
491,-2.5455134900305243,-2.0950370024779597
492,24.56440279874239,4.04876908784824
493,-10.325522357062859,-2.1541470337877087
494,34.07275788534135,4.798976846397586
495,19.01313451841181,-3.9001374772593866
496,22.30182151311639,5.340314540695514
497,21.139281095188494,0.7405655861585774
498,36.77156435397821,-4.866700488948758
499,10.112182101092102,3.7390755528252346
500,108.59936882062833,10.003564929661685
501,4.505575159914201,-1.7450602642831337
502,3.8766033355921063,3.6942453956858206
503,18.1382868843091,0.23811216450426054
504,-9.086485267685447,1.344837356971401
505,29.2416381744352,5.447598424479679
506,-4.9631730787211605,0.00160040678323492
507,8.981528474843227,1.194011624040925
508,5.203167828318584,3.301489892258561
509,43.11402899076529,7.009787750103083
510,19.64687146337172,-4.077820697657402
511,189.5369721970559,12.9247374592916
512,50.386391615895306,6.94436718563773
513,29.346362541554477,6.063601707773394
514,30.939370126674707,2.7657493675862495
515,31.707774335269633,4.663420595139905
516,-9.64509926471473,3.263015645855207
517,26.801095403879046,3.4413093507314674
518,45.27462457570428,5.946871639792475
519,8.680865015252902,-2.426821032483333
520,21.888120857735743,1.3036102193721137
521,33.68523328710671,5.6069752098432595
522,25.88140394641445,-3.6876560669125587
523,87.9930971799458,8.846474274869477
524,22.118980890879186,1.3456928427818353
525,168.2137133548888,13.117069100751136
526,10.348791820748739,-1.3011373393928771
527,25.627910526261633,5.312458100800374
528,10.43239789038054,0.9577399607589672
529,33.78117101004194,5.591630549765932
530,61.202480299010276,7.262557050217087
531,-9.754589847341515,-1.3069750339769923
532,1.2708137558504362,0.733758927539808
533,53.451483007430774,6.3446106167488745
534,-5.578242709209448,1.936344624244292
535,-0.18621112771705084,-0.3923114562775649
536,35.98732655102887,4.998690513777693
537,13.601809516038628,3.687989811794079
538,-0.954516787986627,3.833151441551347
539,1.6837300105764985,0.44706582762993374
540,-6.631448930264336,-0.6735786995906952
541,16.521403087064613,2.519448146645389
542,60.55679505144259,7.085661491847193
543,37.55693641441134,5.549148638801281
544,25.873499166113888,3.4709856351206003
545,40.74914950856397,-5.957053666182851
546,22.01207937735061,4.574727618415158
547,87.41156693186232,8.487558229879934
548,52.03292059408844,8.065605647423446
549,29.010249954021326,4.747230200581649
550,19.07302858499981,4.963158171472003
551,43.641186199384954,-7.121352734338268
552,15.368774864548737,-2.695727859777138
553,9.538515818179832,4.483724967534408
554,23.45655408571597,-5.065170145088564
555,-2.086396169338352,1.7747050208437714
556,-4.80471728293082,1.7110429795380764
557,-5.585769266516895,0.022146275045280106
558,40.72773263403986,6.86595516888949
559,12.530962194019953,4.452989388107338
560,-4.635592513766934,-1.6898548486746385
561,15.429201249406699,0.15924287071038234
562,15.303409763942442,1.8198039195928482
563,15.510346070320878,2.1122897735206494
564,1.880440492907248,-0.509140548894301
565,47.34880423578644,5.9432661316274435
566,51.69020326748308,7.019281584386843
567,30.90794939751622,6.037989006940182
568,39.025542050655844,5.528478849056226
569,14.723332801370768,2.458054412932717
570,6.014630993588552,0.9753106895844286
571,39.95753382910419,6.466632570900485
572,56.507195478293916,6.83425193262485
573,45.30353787092276,6.416811788727679
574,-1.9661172643430826,0.0569236268714568
575,2.801146365890496,2.599955758936116
576,57.52569092985925,-6.449630758773148
577,47.00995990893245,6.3358288687437865
578,28.61450496287674,3.1492628770030415
579,41.30977672285363,7.0842147740529064
580,11.47132897127371,3.6912628023446366
581,-6.150174057551979,-4.017874020468629
582,55.374823091000714,5.7513649662913195
583,12.770003199976728,-2.6951736068084946
584,2.952111523712145,-0.6201921354170761
585,-5.130727464871283,2.7818811966038774
586,21.50511204656227,-0.32562057688479884
587,-11.946450198065298,0.5039229823025617
588,64.23336340439124,7.334694147845951
589,5.166001668014653,1.267255238000285
590,12.927384503601242,-0.7863893685795578
591,59.46900284133783,7.099152221320818
592,9.652406310917566,-1.5835594861850968
593,26.03338182512405,2.7072815651186874
594,54.98337457819218,5.333912786643458
595,3.0802454710787504,0.11838317559179767
596,12.637809151856104,3.0141247051123075
597,-12.006648890887707,0.7460021453297765
598,44.12109308978335,7.074961162531619
599,-2.940566922061824,0.2814267144628575
600,24.362986794363916,4.832235294695001
601,50.227504765167964,5.746472607785769
602,16.294666523532847,-2.557017026315034
603,-5.229093425260565,2.7423195824982005
604,7.890319588430552,-2.93674222879714
605,21.842480844723852,2.2615366247442306
606,-18.824849156487613,0.5111158330454546
607,4.480030748887669,2.982473059529698
608,11.446198050095544,3.066947436552918
609,-0.037715017766252856,2.371182471889391
610,44.634940969528685,5.81566542323532
611,31.856256078668846,4.787404489149599
612,14.385664487193512,0.8761195319270096
613,1.8097826454281893,3.3463874458175265
614,42.89249987897105,-5.5740012903689475
615,19.731292563054588,-0.4349849382763997
616,112.97045833000757,9.931658368851865
617,3.1272839699830146,1.3264513938665952
618,37.265826963700746,5.292223275368639
619,11.138535028236682,2.376528971581158
620,22.170793443400484,3.8501467046218907
621,1.4288636611464125,-1.305418797181515
622,8.304152141396754,3.5828073442026573
623,11.84715333143618,-0.250659564392544
624,72.63467001358694,8.887170071566834
625,9.122895100799305,1.6407157060883764
626,3.967779091849721,3.2902490358997483
627,6.522932237678325,1.496117263216037
628,9.342302780126175,-0.7035760984806649
629,-9.021319061221394,1.2348248593281244
630,30.840819807991757,-1.947996855426271
631,14.727041929450088,-2.5304737286654087
632,25.02522634454192,5.047069233778902
633,13.921707809714185,1.8794269770993282
634,43.50186803176691,6.528239739193637
635,172.89907452871356,12.897249630810412
636,37.135729307645015,-5.679022370833035
637,47.447338160281646,6.652701606237327
638,0.231032755359184,2.5866843215001136
639,112.55654952154809,10.569743137006398
640,5.621136793028395,1.387570486850061
641,-3.234439382513287,2.1648030270434857
642,9.698946638239603,4.513722361861018
643,72.31311932226707,7.83594402115593
644,68.20412142716737,8.21612104740506
645,5.058054444818797,0.711596856330651
646,14.074361137539286,3.0144913655125576
647,-1.3404477706142535,2.1925804409924043
648,-2.8848301391038724,-3.254648714493806
649,-2.9165657385982264,3.6690324547376205
650,9.76064545527532,2.025598111654471
651,25.50941195907632,3.8821437899364337
652,32.50968932231217,3.9407204438427477
653,20.27278040423864,4.507947736147601
654,0.8241898763068947,-0.0002944335846741808
655,68.0903557846142,7.36446857779541
656,28.486481614341606,4.608677283835998
657,72.64876001292345,8.5223530067856
658,16.641654293654227,-3.2314470396775334
659,-3.6952640521203017,-2.5855638494115087
660,55.97283169928711,6.273958265513523
661,13.966660624397994,-2.0336020904021046
662,-8.475525650314244,2.078950792740435
663,140.89887354392937,11.412312430870768
664,23.587510141433057,2.9541660242115344
665,16.112164826997887,-4.09560023720228
666,-12.997849260011192,-2.497343893695006
667,26.580324325949114,0.6832573180324917
668,12.786826382675166,-0.8086509859058517
669,22.311148691195672,4.5955928943993065
670,3.108870907558111,1.524013668396107
671,51.16420747919788,6.514695774022728
672,72.91610338014459,7.73814360040419
673,6.128169306297285,0.2884696842561514
674,42.062183104252185,5.77445010487979
675,48.2993556836786,6.1004827839248055
676,-7.124032595958902,1.7694181582191641
677,24.649450226084394,-4.198119457566286
678,-3.096955196591246,2.6736484400542846
679,62.82792937952296,7.605355167236512
680,113.74726732528111,9.052014832138722
681,67.20195520232556,7.858490075797885
682,7.294024577178673,3.5092064010286474
683,15.462552915648175,1.7668646727594919
684,207.26600103459018,14.273556199087263
685,25.16519324951137,3.5133696325753854
686,55.67127958909561,6.624564248668994
687,20.147256288271734,5.195212237347905
688,13.747592674653948,3.7094163614074107
689,4.212644776441997,1.0534662026715613
690,64.92841972267871,6.45954299090131
691,-10.15896497335852,0.8971203305878013
692,10.941465704123825,0.48982104142355
693,8.18446604165202,4.160273497016739
694,19.077105165632897,3.666256514510885
695,48.84399218809121,7.563549682702834
696,129.35833674545432,11.077859795382556
697,35.61300855950278,5.129580656025933
698,16.65585258251267,3.275116594969971
699,8.139288819424781,2.5119963923891566
700,46.65269747481379,-6.15307089168825
701,49.26456760143601,6.493596706298636
702,-1.2854541592193827,-1.6266428123050884
703,-16.560323158141905,0.48043466586957484
704,-9.207224115329607,-1.2863589862960438
705,48.70014686079297,5.984729844894138
706,17.719963637779873,4.319277144684069
707,115.44151779560151,9.496253413034575
708,26.84396682666341,2.811902221730506
709,22.218036578172963,3.3048330023457786
710,8.317501226384646,1.3952729219756776
711,21.763339347792908,1.0608666938922084
712,34.8525621805642,5.092381347552546
713,15.662265680479322,2.9809554960387623
714,30.15952089415886,3.6698948638264812
715,48.70563964223372,6.5651417469253825
716,21.581687924223026,-1.4790980271909273
717,28.114692087037835,3.8179273055246754
718,32.404873276975025,5.283122118838196
719,-9.760908618171307,0.21293007902652317
720,49.64984196319354,6.977504355952023
721,8.411058032621996,-2.4699441539400384
722,2.6534094217236897,-0.3057704239106571
723,35.65158029270722,3.299096900759025
724,-6.8812259687179065,3.379958048095833
725,-5.809269826421588,-2.325697221857542
726,7.609199838894288,1.5298411163868129
727,10.031639044189374,0.01927203675750322
728,4.812677044984836,0.8524292463120546
729,7.131174590681949,1.1762457139154066
730,-6.733281595094194,-1.8386981739464723
731,249.45241478458556,15.101372495782906
732,26.971976069610143,3.5566554160194417
733,52.759398640859544,5.350206819930958
734,92.54442081698218,9.3826315006058
735,2.668934722981313,0.20588398105764805
736,19.548499564359673,-5.430779378084287
737,-3.345419296251663,2.3770508121998013
738,44.256117164875505,6.483611434541138
739,113.22883144003929,10.350534477209479
740,22.36499855070535,4.405100182318856
741,10.162745042938031,3.3390036787312902
742,39.28898801693043,4.6046638362241845
743,-1.2167649885458562,-2.9998284016815564
744,20.891653993162187,4.031451262249858
745,31.886744751612586,2.7878919719779502
746,11.142416056336746,-4.04991409775215
747,7.560983875329782,4.153671734740521
748,-9.253587520919375,-0.25736068864628736
749,139.0717349836067,11.233380775178894
750,52.71138367211964,-7.297440000749878
751,25.869164613712044,4.678898206862551
752,-3.326128416426279,3.4223410641359826
753,5.055140828860987,-4.209941315296533
754,35.923824939255006,5.690047295132642
755,18.819076795642555,3.0370019427135557
756,-2.267956223817673,0.5764426558478006
757,-7.713258820234032,0.14338830248011902
758,2.0811541429928155,3.3519922635057062
759,9.68026031361164,4.263537508116287
760,22.90159601309673,2.8350647859642724
761,16.940618977242057,2.817612261155126
762,133.2953953076273,11.281692779078368
763,7.026035172641775,4.131411012038007
764,14.063935335233378,4.114007405959234
765,21.66974710787199,3.959697684780994
766,-0.4446572811459397,-1.7802403797131685
767,43.371230461444114,-5.72854756220835
768,36.30218091337843,5.427228665042092
769,-1.694827938361227,1.6302881051020868
770,-6.839740155080356,-0.16485992810737127
771,45.067447889618265,5.333391301073183
772,11.54889089635923,1.1134527484225585
773,6.2945349195038185,-3.137743016695601
774,71.70345405711599,-8.30382197532815
775,52.858337012460055,6.6413070305518564
776,2.0994936159415865,-3.369337882579999
777,135.8879192344771,11.476730123482275
778,3.3124939799511317,0.2802932551178259
779,41.726376747967954,-5.478957349777401
780,90.20041407434154,8.122200573980297
781,14.702440768887516,3.0570076008734017
782,10.045064678303419,2.7907722905241252
783,5.969148268675606,2.335119008322747
784,12.591451133816413,3.882289123513387
785,8.857179704260579,-1.211940226923356
786,32.126378391598244,1.9564722131805516
787,3.484345252951071,-2.3349115010807084
788,18.929402000087677,1.2219109579357255
789,32.16315473572868,-6.475916509024524
790,13.545977838573673,3.0682072412306187
791,180.01202463528702,12.924917733418997
792,16.816290509032914,1.6733876330300401
793,-3.4713306234613674,-1.528283378767652
794,42.43126677748687,4.560426233978209
795,2.5357943019730853,-2.2565555206702523
796,3.692309148700884,0.2420649961084802
797,64.71877123525988,6.356109198604367
798,0.8748497017313417,-1.8378466862370058
799,17.967665634235516,4.5134771901192865
800,16.336437667136575,4.188038680790594
801,12.184939693277379,1.1618702070441886
802,26.404510591666376,5.765310905966537
803,26.056607398964225,3.342760590222425
804,2.5956755978930355,0.41146760186357323
805,49.24830433490868,7.0028180631633035
806,9.157042847215525,3.4291656267210797
807,1.9510070235555634,2.7130370344501418
808,11.369431146973403,0.17860683334549732
809,37.36652469797547,3.649423675305845
810,13.49553005995269,4.347115840570071
811,32.055889172688104,4.548787047158489
812,31.36822876169246,5.647239329393733
813,6.681419311995247,0.2654178016696136
814,3.646402590678465,-0.007003064417345328
815,13.657498666277604,4.536242107884483
816,1.8582722131632385,2.1383793463800624
817,8.631817676281155,-2.8638162689102007
818,-11.035451027322907,1.3991752321974684
819,20.35338482450254,-4.195906562184203
820,14.076166474400377,4.729823945807889
821,4.1210981577856245,0.7886064582943666
822,53.38834118279714,7.104248128343958
823,12.314607154138336,0.9373187956435789
824,107.20339968185297,10.06134522474574
825,29.89103165163886,5.187773012062509
826,-2.6645156997431565,1.3456215027335012
827,1.2775392319096368,-0.4421445881216419
828,11.157621998072571,3.009595711954777
829,32.557516359668384,4.883370542369046
830,6.1336022548396105,3.5522679202721767
831,25.993719453595936,5.276429762903768
832,21.33707450818291,3.4170869105901414
833,57.99463239310779,7.541035300681866
834,1.0825872064811501,0.3727337179147652
835,16.088742337631015,-0.4233937410957864
836,36.40147190897544,3.991680593032665
837,10.610718871820566,1.1910778692863726
838,11.048569603569023,-1.4880932735398993
839,71.38659368563502,8.454902286437541
840,66.7294877631791,7.897238140935709
841,9.682085306478143,-2.376708255297662
842,9.922364978700532,0.32884334041888197
843,2.1386591416913907,1.8980153786445237
844,14.742400378282454,3.6793651277302373
845,24.203201108215453,2.080647045389507
846,73.99260367751711,8.834491038989666
847,14.137530427039039,3.8067863999250613
848,-5.296066759060018,0.10405243679895815
849,2.6513227621131144,-2.743392794914943
850,9.832742540134413,3.6364268885547797
851,-3.519901767134721,-2.8724756892448804
852,9.704276368750833,2.811534689614259
853,9.549750674768799,-2.4677250337924033
854,16.772732376252176,-1.9993991919678686
855,101.81559111081002,9.544203137894646
856,4.423463040981437,0.6630307271679441
857,-0.14856743850430165,0.9890550666684601
858,12.087761735603562,3.2144581319959293
859,6.422025084857506,2.8723090302927132
860,41.811546455578494,5.838133742997531
861,2.1456420072524978,1.8537119286517374
862,6.339131995446182,-0.049724727071411845
863,8.298586985585136,4.444994364757912
864,35.74755272445028,4.8357660910662785
865,46.984360963422176,6.2406441140779485
866,3.780408358756781,2.8216464302185384
867,9.458628811620079,1.0397942357608614
868,10.109838769572667,-0.8600203850849937
869,1.0078603865989995,-1.4627046766108327
870,29.778494576469118,-4.082626300631317
871,-8.4578783677296,2.388781046315075
872,57.86012549741778,6.513387086953142
873,55.64357727303458,6.445311807783727
874,11.011340790631495,-2.384102564735044
875,39.20196402070762,5.0372929026472475
876,12.236199961389229,5.087978749286112
877,22.005263833624028,5.051988045850813
878,171.1717512086929,12.717193872052803
879,40.79318760135276,6.289407422560358
880,-8.3809539037622,0.42840072123500494
881,48.8310953284314,5.622604071394324
882,6.172702784484559,-0.12490142667746884
883,17.672102434223525,-1.1159487590215402
884,87.40171056086561,9.018641420638605
885,-3.8863033354822036,3.0334665963784233
886,26.865533718455136,6.260351670084239
887,82.23306634540772,7.943055429177741
888,1.4176935583858246,1.1888823926317802
889,10.11442226287705,3.7368066184148248
890,6.981802505540296,-0.8876463640484
891,-6.545372685666745,-0.8113523751124534
892,31.181802869654632,5.735093731218064
893,4.023386140591792,-2.5685007342709794
894,164.9237364984196,12.39507324819251
895,10.043649706644436,3.248943061128811
896,28.756286625613278,3.9080163809613304
897,27.532898628259964,-4.153269414094793
898,21.8822369290948,4.293980548970494
899,13.965911439478006,2.5694752715440106
900,-5.081090854033445,-0.35356435816256226
901,-0.9438123071969295,-1.2593092241119797
902,115.11800708164543,10.001808541267263
903,34.21783189488225,-5.796439730174583
904,2.209696330201586,-0.4475252427448777
905,76.83190092826744,8.904912413471195
906,-6.401512139995772,1.725150401768419
907,36.77880361996653,5.550947063072707
908,54.90914057950537,6.325910076510359
909,16.07273766937778,2.1878037854159325
910,17.07536434890819,4.208821537871476
911,37.76165857481713,4.6307934211386925
912,15.873369452439587,-1.3234078316327764
913,-27.009521060962093,-2.134573804168822
914,32.23632089477363,6.4340230575546435
915,19.97895627009811,5.027151930771463
916,52.246996887402304,-7.188610579833691
917,12.372655230409409,-2.6165300476159388
918,209.11209793759468,13.850357863236617
919,21.196719222529612,1.0570606156934694
920,26.849506751645357,4.981096442193348
921,26.15508242292238,5.90989696610337
922,6.577995486138758,2.548243307755781
923,19.265306637142732,3.923921365130404
924,11.984303929551832,0.8400110419925424
925,-0.014692475698914187,1.6911595715552539
926,0.07760359393334726,0.33757380267357107
927,28.418656557850703,-4.846057380489255
928,1.6215540620251976,-0.10867799975106252
929,2.434597971484302,-1.90852321112851
930,43.45525033503219,5.657500964277845
931,48.11510504504437,-7.0111840242521914
932,43.10730507027602,-7.061006472795642
933,35.53551358294294,5.9135762531041305
934,-9.848359066410502,-0.024399183067144836
935,59.729555819311685,7.15423598987439
936,25.347455749756744,4.478924334466395
937,12.099781637918591,-2.366230156051272
938,-21.101777948138416,1.3376206425185042
939,9.324735288862833,1.7174941346216346
940,90.14494118075422,8.773090750552884
941,10.69266337362798,0.7880785421728902
942,55.04533138593585,6.485715598909063
943,9.940495694748147,2.8480813232473587
944,4.2744546824432375,-2.8886842233459937
945,0.10493939804122943,0.06848450726389999
946,5.977572917871063,2.2270301664425736
947,13.206539732555736,-1.3019581101142643
948,68.46492174661346,8.056029010700705
949,44.655588820376686,6.78973490062303
950,-4.3758965458065475,-1.3440254512156038
951,-2.5632447537481884,3.2626977628630067
952,15.969097156968271,-0.7500978050311837
953,10.221746925911773,4.684899443002877
954,13.005763771969717,2.7964165290598997
955,19.55153186683067,3.505961606780734
956,54.35406752838023,5.9986251443829595
957,-2.507344009182766,-0.3538156607351941
958,67.88356066295412,7.789773883063053
959,12.704772958081094,5.419965361638059
960,135.3200156841935,11.566531381007888
961,-23.513007668677453,-0.7340267564073475
962,15.918806712040869,0.5064518559357087
963,19.754966391767205,2.2156256955814415
964,4.410969866220829,-0.434127364333476
965,56.62495291179598,6.911566410600599
966,83.00466912514672,9.163889476592724
967,69.77771394343453,8.326218850516813
968,35.31473182795377,3.8307550598842655
969,6.9830330752599865,1.3602254027971568
970,11.918957632844766,2.2322209775939994
971,19.478684028482906,-0.028975198078255993
972,22.476896964553994,-3.8637891319962803
973,59.73715061927995,6.67146307501554
974,-2.806611601864624,-0.23625969319013151
975,18.43213552632991,5.045432309892762
976,18.564003347866848,3.6444601704965334
977,-10.460607575554997,1.2700157490600448
978,40.67819396250151,6.825674990344815
979,5.846175294227113,-0.28674167569072884
980,8.690076860648537,-1.166994959624967
981,8.169933195008207,2.0330328217981988
982,24.896821679777403,2.8619865504918414
983,58.74624722659851,7.528238867245107
984,44.35377461624143,5.413897499580292
985,55.47998014771835,6.254643696623004
986,46.087519399378735,7.5195799064856805
987,39.40196063706764,-6.727426732763178
988,28.899101114792643,5.6285235575387
989,3.9413589803168154,-2.1456713109356116
990,112.2730424368482,9.30285697645755
991,4.461701987565951,1.8936711365374046
992,55.61009654369387,6.171423934922421
993,10.542074306685231,-3.7370412160145987
994,9.41597628275897,3.4220523413456103
995,5.690442557267441,1.9599757274438654
996,19.600232615997125,4.403783203652719
997,2.698777109951127,4.0178736571527915
998,8.66916512872578,-4.860284279526213
999,24.159530975457862,-6.124303873527921
